{"cameraMode":{"drawMode":0,"name":"Shaded","section":"Shading Mode"},"sceneLighting":true,"audioPlay":false,"sceneViewState":{"showFog":true,"showMaterialUpdate":false,"showSkybox":true,"showFlares":true,"showImageEffects":true,"showParticleSystems":true},"in2DMode":false,"pivot":{"x":838.259033203125,"y":1145.656005859375,"z":1055.111328125},"rotation":{"x":-0.19492729008197785,"y":-0.3925305902957916,"z":0.0855143815279007,"w":-0.8947683572769165},"size":9.744041442871094,"orthographic":false}